<dataConfig>
    <dataSource type="JdbcDataSource" driver="com.mysql.jdbc.Driver" url="jdbc:mysql://192.168.88.226:3306/eg_product" user="root" password="123456" useCompression="true" batchSize="-1" />
    <document>
        <entity name="product" query="SELECT
    products.id,
    product_translations_en.name as name,
    product_translations.name as name_th,
    products.active,
    products.sku,
    products.model_number,
    products.visits,
    products.group_code,
    products.type,
    product_description.remarks,
    product_description.summary,
    product_description.sentence,
    product_description.caution,
    product_description_orig.remarks as remarks_orig,
    product_description_orig.summary as summary_orig,
    product_description_orig.sentence as sentence_orig,
    product_description_orig.caution as caution_orig,
    products.created_at,
    products.manufacturer_id ,
    manufacturers.url_rewrite as manufacturer_url,
    manufacturers.name as manufacturer_name,
    manufacturers.synonym as manufacturer_synonym,
    manufacturers.country as manufacturer_country,
    manufacturers.active as manufacturer_active,

    concat( manufacturers.name, '@', manufacturers.url_rewrite , '@', COALESCE(manufacturers.synonym,''), '@', manufacturers.image ) as manufacturer_name_url,

    products.cost,
    products.price,
    IF( prices_0.price , prices_0.price, products.price )as price_0 ,
    IF( prices_1.price , prices_1.price, products.price )as price_1 ,
    IF( prices_2.price , prices_2.price, products.price )as price_2 ,
    IF( prices_3.price , prices_3.price, products.price )as price_3 ,
    IF( prices_4.price , prices_4.price, products.price )as price_4 ,

    products.point,
    IF( points_0.point , points_0.point, products.point )as point_0 ,
    IF( points_1.point , points_1.point, products.point )as point_1 ,
    IF( points_2.point , points_2.point, products.point )as point_2 ,
    IF( points_3.point , points_3.point, products.point )as point_3 ,
    IF( points_4.point , points_4.point, products.point )as point_4 ,
    product_attribute_string.attribute_string_values ,
    products.point_type,
    products.synonym as product_synonym,
    products.relation_product_id,
    products.attribute_tag,
    IF( prices_diff_2.price_final , prices_diff_2.price_final, 0 )as price_diff_2

from
    products
left join
    product_description
on
    products.id = product_description.product_id
LEFT JOIN
    product_description_orig ON products.id = product_description_orig.product_id
left JOIN
        product_prices as prices_0
on
        products.id = prices_0.product_id and prices_0.role_id = '2' and prices_0.rule_date = curdate()

left JOIN
        product_prices as prices_1
on
        products.id = prices_1.product_id and prices_1.role_id = '2' and prices_1.rule_date = curdate()

left JOIN
        product_prices as prices_2
on
        products.id = prices_2.product_id and prices_2.role_id = '2' and prices_2.rule_date = curdate()

left JOIN
        product_prices as prices_3
on
        products.id = prices_3.product_id and prices_3.role_id = '3' and prices_3.rule_date = curdate()

left JOIN
        product_prices as prices_4
on
        products.id = prices_4.product_id and prices_4.role_id = '3' and prices_4.rule_date = curdate()


left JOIN
        product_points as points_0
on
        products.id = points_0.product_id and points_0.role_id = '2' and points_0.rule_date = curdate()

left JOIN
        product_points as points_1
on
        products.id = points_1.product_id and points_1.role_id = '2' and points_1.rule_date = curdate()

left JOIN
        product_points as points_2
on
        products.id = points_2.product_id and points_2.role_id = '2' and points_2.rule_date = curdate()

left JOIN
        product_points as points_3
on
        products.id = points_3.product_id and points_3.role_id = '3' and points_3.rule_date = curdate()

left JOIN
        product_points as points_4
on
        products.id = points_4.product_id and points_4.role_id = '3' and points_4.rule_date = curdate()


left join
    product_attribute_string
on
    products.id = product_attribute_string.product_id


inner join
    manufacturers
on
    products.manufacturer_id = manufacturers.id


left JOIN
        product_price_difference as prices_diff_2
on
        products.id = prices_diff_2.product_id and prices_diff_2.customer_group_id = '2'
LEFT JOIN 
 product_translations ON
 products.id = product_translations.product_id AND product_translations.locale = 'th'
LEFT JOIN 
 product_translations as product_translations_en ON
 products.id = product_translations_en.product_id AND product_translations_en.locale = 'en'
where type = '0' and parent_id = '0' and is_main = '1' and products.active = '1'
" deltaQuery="select id from products where updated_at > '${dataimporter.last_index_time}'">
            <field column="id" name="id" />
            <field column="name" name="name" />
            <field column="name_th" name="name_th" />
            <field column="manufacturer_id" name="manufacturer_id" />
            <field column="manufacturer_name" name="manufacturer_name" />
            <field column="manufacturer_synonym" name="manufacturer_synonym" />
            <field column="manufacturer_name_url" name="manufacturer_name_url" />
            <field column="manufacturer_country" name="manufacturer_country" />
            <field column="manufacturer_active" name="manufacturer_active" />
            <field column="active" name="active" />
            <field column="sku" name="sku" />
            <field column="model_number" name="model_number" />
            <field column="visits" name="visits" />
            <field column="group_code" name="group_code" />
            <field column="type" name="type" />
            <field column="remarks" name="remarks" />
            <field column="summary" name="summary" />
            <field column="sentence" name="sentence" />
            <field column="caution" name="caution" />
            <field column="remarks_orig" name="remarks_orig" />
            <field column="summary_orig" name="summary_orig" />
            <field column="sentence_orig" name="sentence_orig" />
            <field column="caution_orig" name="caution_orig" />
            <field column="cost" name="cost" />
            <field column="price" name="price" />
            <field column="price_0" name="price_0" />
            <field column="price_1" name="price_1" />
            <field column="price_2" name="price_2" />
            <field column="price_3" name="price_3" />
            <field column="price_4" name="price_4" />
            <field column="price_diff_2" name="price_diff_2" />
            <field column="point" name="point" />
            <field column="point_0" name="point_0" />
            <field column="point_1" name="point_1" />
            <field column="point_2" name="point_2" />
            <field column="point_3" name="point_3" />
            <field column="point_4" name="point_4" />
            <field column="attribute_string_values" name="attribute_string_values" />
            <field column="point_type" name="point_type" />
            <field column="product_synonym" name="product_synonym" />
            <field column="relation_product_id" name="relation_product_id" />
            <field column="attribute_tag" name="attribute_tag" />
            <entity name="categories_flat" query="
                    SELECT
                        product_id,
                        flat_url,
                        MAX(flat_name) AS flat_name,
                        MAX(flat_name_th) AS flat_name_th
                    FROM
                        (SELECT
                            category_product.product_id,
                                GROUP_CONCAT(categories.url_rewrite
                                    ORDER BY categories.depth
                                    SEPARATOR '/') AS flat_url,
                                IF(locale = 'en', GROUP_CONCAT(categories.name
                                    ORDER BY categories.depth
                                    SEPARATOR '/'), '') flat_name,
                                IF(locale = 'th', GROUP_CONCAT(category_translations.name
                                    ORDER BY categories.depth
                                    SEPARATOR '/'), '') flat_name_th
                        FROM
                            category_product
                        INNER JOIN categories ON category_id = categories.id
                        INNER JOIN category_translations ON category_translations.category_id = categories.id
                        WHERE
                            product_id = ${product.id}
                                AND categories.id > 1
                                AND categories.active = 1
                        GROUP BY product_id , locale) category
                    " deltaQuery="
                        SELECT
                            product_id,
                            flat_url,
                            MAX(flat_name) AS flat_name,
                            MAX(flat_name_th) AS flat_name_th
                        FROM
                            (SELECT
                                category_product.product_id,
                                    GROUP_CONCAT(categories.url_rewrite
                                        ORDER BY categories.depth
                                        SEPARATOR '\\') AS flat_url,
                                    IF(locale = 'en', GROUP_CONCAT(categories.name
                                        ORDER BY categories.depth
                                        SEPARATOR '\\'), '') flat_name,
                                    IF(locale = 'th', GROUP_CONCAT(category_translations.name
                                        ORDER BY categories.depth
                                        SEPARATOR '\\'), '') flat_name_th
                            FROM
                                category_product
                            INNER JOIN categories ON category_id = categories.id
                            INNER JOIN category_translations ON category_translations.category_id = categories.id
                            WHERE
                                product_id = ${product.id}
                                    AND categories.id > 1
                                    AND categories.active = 1
                            GROUP BY product_id , locale) category
                    " parentDeltaQuery="select id from products where id=${categories_flat.product_id}">
                <field column="flat_url" name="breadcrumbs_url" />
                <field column="flat_name" name="breadcrumbs_name" />
                <field column="flat_name_th" name="breadcrumbs_name_th" />
            </entity>
            <entity name="sell_count" query="select count(*) as counter from eg_zero.order_items
inner join eg_zero.orders on order_items.order_id = orders.id
where orders.status_id = 10
and product_type in (0,5)
and order_items.main_product_id ='${product.id}'" deltaQuery="select product_id, category_id from category_product where updated_at > '${dataimporter.last_index_time}'" parentDeltaQuery="select id from products where id=${category_product.product_id}">
                <field column="counter" name="popular" />
            </entity>
            <entity name="categories_path" query="
SELECT
    url_path,
    MAX(name_path) name_path,
    MAX(name_path_th) name_path_th,
    MAX(name_url) name_url,
    MAX(name_url_th) name_url_th,
    MAX(name_url_detail) name_url_detail,
    MAX(name_url_detail_th) name_url_detail_th
FROM
    (SELECT
        url_path,
            IF(locale = 'en', mptt_categories_flat.name_path, '') name_path,
            IF(locale = 'th', mptt_categories_flat_translations.name_path, '') AS name_path_th,
            IF(locale = 'en', CONCAT(mptt_categories_flat.name_path, '@', url_path), '') AS name_url,
            IF(locale = 'th', CONCAT(mptt_categories_flat_translations.name_path, '@', url_path), '') AS name_url_th,
            IF(locale = 'en', CONCAT(mptt_categories_flat.name_path, '@', url_path, '@', n_left, '@', n_right, '@', sort), '') AS name_url_detail,
            IF(locale = 'th', CONCAT(mptt_categories_flat_translations.name_path, '@', url_path, '@', n_left, '@', n_right, '@', sort), '') AS name_url_detail_th
    FROM
        category_product
    INNER JOIN mptt_categories_flat ON category_product.category_id = mptt_categories_flat.id
    INNER JOIN mptt_categories_flat_translations ON mptt_categories_flat_translations.category_id = mptt_categories_flat.id
    WHERE
        product_id = '${product.id}'
            AND mptt_categories_flat._active = 1
    ORDER BY mptt_categories_flat.depth) mptt_categories_flat
GROUP BY url_path
" deltaQuery="select product_id, category_id from category_product where updated_at > '${dataimporter.last_index_time}'" parentDeltaQuery="select id from products where id=${category_product.product_id}">
                <field column="url_path" name="url_path" />
                <field column="name_path" name="name_path" />
                <field column="name_url" name="name_url" />
                <field column="name_url_detail" name="name_url_detail" />
                <field column="name_path_th" name="name_path_th" />
                <field column="name_url_th" name="name_url_th" />
                <field column="name_url_detail_th" name="name_url_detail_th" />
            </entity>
            <entity name="category_product" query="select category_id from category_product where product_id='${product.id}'" deltaQuery="select product_id, category_id from category_product where updated_at > '${dataimporter.last_index_time}'" parentDeltaQuery="select id from products where id=${category_product.product_id}">
                <entity name="category" query="
SELECT
    MAX(name) name, MAX(name_th) name_th
FROM
    (SELECT
        IF(locale = 'en', categories.name, '') name,
            IF(locale = 'th', category_translations.name, '') name_th
    FROM
        categories
    JOIN category_translations ON category_translations.category_id = categories.id
    WHERE
        categories.id = '${category_product.category_id}') categories
" deltaQuery="select id from categories where updated_at > '${dataimporter.last_index_time}'" parentDeltaQuery="select product_id, category_id from category_product where category_id=${category.id}">
                    <field column="name" name="category_name" />
                    <field column="name_th" name="category_name_th" />
                </entity>
            </entity>
            <entity name="product_motor" query="select motor_id from product_motor where product_id='${product.id}'" deltaQuery="select product_id, motor_id from product_motor where updated_at > '${dataimporter.last_index_time}'" parentDeltaQuery="select id from products where id=${product_motor.product_id}">
                <entity name="motor" query="select motors.name from motors
                        where motors.id = '${product_motor.motor_id}'
                        " deltaQuery="select id from motors where updated_at > '${dataimporter.last_index_time}'" parentDeltaQuery="select product_id, motor_id from product_motor where motor_id=${motor.id}">
                    <field column="name" name="motor_name" />
                </entity>
            </entity>
            <entity name="product_fit_models" query="select concat( maker  , ' ' , model , ' ' , style ) as models from product_fit_models where product_id='${product.id}'" deltaQuery="select concat( maker  , ' ' , model , ' ' , style ) from product_fit_models where updated_at > '${dataimporter.last_index_time}'" parentDeltaQuery="select id from products where id=${product_fit_models.product_id}">
                <field column="models" name="fit_models" />
            </entity>
            <entity name="model_name_group" query="
                    SELECT CONCAT(model,' ',style,'@') as model_name FROM product_fit_models where product_id ='${product.id}' and custom_flg = 0
                                        UNION
                                        SELECT CONCAT(motors.`name`,'@',GROUP_CONCAT( SUBSTRING_INDEX(SUBSTRING_INDEX(product_fit_models.style, '：', -1),')',1) )) as model_name FROM product_fit_models
                                        JOIN motors
                                        on product_fit_models.motor_id = motors.id
                                        where product_fit_models.product_id ='${product.id}' and product_fit_models.custom_flg = 1
                                        GROUP BY product_fit_models.motor_id;
                    " deltaQuery="select concat( maker  , ' ' , model , ' ' , style ) from product_fit_models where updated_at > '${dataimporter.last_index_time}'" parentDeltaQuery="select id from products where id=${product_fit_models.product_id}">
                <field column="model_name" name="model_name_group" />
            </entity>
            <entity name="product_images" query="select thumbnail,image from product_images where product_id='${product.id}'" deltaQuery="select thumbnail,image from product_images where updated_at > '${dataimporter.last_index_time}'" parentDeltaQuery="select id from products where id=${product_images.product_id}">
                <field column="thumbnail" name="thumbnails" />
                <field column="image" name="images" />
            </entity>
            <entity name="product_rank" query="select COALESCE(sum(ranking) / count(*) , 0) as ranking  , count(*) as review_count from ec_dbs.reviews where product_id='${product.id}' and view_status = 1 " deltaQuery="select product_id from ec_dbs.reviews where updated_at > '${dataimporter.last_index_time}'" parentDeltaQuery="select id from products where id=${product_reviews.product_id}">
                <field column="ranking" name="ranking" />
                <field column="review_count" name="review_count" />
            </entity>
            <entity name="product_stock" query="SELECT stock_situations.name as situations FROM eg_zero.stocks
                        JOIN eg_zero.stock_situations
                                            on stocks.situation_id = stock_situations.id
                        where product_id='${product.id}' and bar_code is not null and bar_code != ''
" deltaQuery="select product_id from eg_zero.stocks where updated_at > '${dataimporter.last_index_time}'" parentDeltaQuery="select id from products where id=${product_stock.product_id}">
                <field column="situations" name="situations" />
            </entity>
            <entity name="product_option" query="SELECT product_option.name as options FROM product_option
                    join eg_zero.stock_outlets on product_option.product_id = stock_outlets.product_id
                     where product_option.product_id='${product.id}' " deltaQuery="select product_id from product_option where updated_at > '${dataimporter.last_index_time}'" parentDeltaQuery="select id from products where id=${product_option.product_id}">
                <field column="options" name="options" />
            </entity>
            <entity name="product_group" query="SELECT model_number as model_number_group FROM products where group_code='${product.group_code}' and manufacturer_id = '${product.manufacturer_id}'" deltaQuery="select product_id from products where updated_at > '${dataimporter.last_index_time}'" parentDeltaQuery="select id from products where id=${product_group.product_id}">
                <field column="model_number_group" name="model_number_group" />
            </entity>
        </entity>
    </document>
</dataConfig>